Feature,RF_Importance,Mean_Absolute_SHAP,RF_Rank,SHAP_Rank
Destination Port,0.04430363556737664,0.005856570506230317,6.0,1.0
Bwd Packet Length Std,0.05264924068448971,0.005254645266942052,1.0,2.0
Packet Length Mean,0.037595438851845596,0.0052489319745322475,9.0,3.0
Average Packet Size,0.04730039053506118,0.005136236800958531,4.0,4.0
Total Length of Bwd Packets,0.0331685440079794,0.004929810723521582,11.0,5.0
Bwd Packet Length Mean,0.04819484172033814,0.0044043191141829,3.0,6.0
Packet Length Variance,0.05033804764314728,0.00379798753159013,2.0,7.0
Max Packet Length,0.03240800206804862,0.0037525603062294266,12.0,8.0
Avg Bwd Segment Size,0.04466421874883339,0.0035935322540096696,5.0,9.0
Total Length of Fwd Packets,0.03880510669890032,0.0033290481277425655,7.0,10.0
Subflow Bwd Bytes,0.03403759176498025,0.0031193679273195,10.0,11.0
Subflow Fwd Bytes,0.038118469395639606,0.0030107193294792492,8.0,12.0
Init_Win_bytes_forward,0.02930552147497245,0.0029341716659146344,14.0,13.0
Avg Fwd Segment Size,0.027927339922305717,0.0028679123385853514,15.0,14.0
Fwd Packet Length Max,0.02647577916991398,0.0028515494123825982,16.0,15.0
Bwd Packet Length Max,0.030135039517632873,0.0025333838711775955,13.0,16.0
Fwd Packet Length Mean,0.019973493620253906,0.0024264669327005526,19.0,17.0
Init_Win_bytes_backward,0.016052966648639186,0.0021920824572573875,22.0,18.0
Packet Length Std,0.02163080210901234,0.0018728980973947245,17.0,19.0
PSH Flag Count,0.007686885110295047,0.0017544417948529734,38.0,20.0
Fwd Header Length.1,0.02065494764261944,0.0016482904617369201,18.0,21.0
Bwd Header Length,0.01640339597868916,0.0015400249921113057,21.0,22.0
Subflow Bwd Packets,0.011360699417059146,0.001439692915265188,30.0,23.0
ACK Flag Count,0.00981388316405864,0.0014313498012733833,32.0,24.0
Fwd Header Length,0.014701788534508502,0.0014010496786219181,25.0,25.0
Bwd Packets/s,0.014075802664372026,0.0013644622686508265,26.0,26.0
Bwd Packet Length Min,0.014927795301396258,0.0013291998788762332,24.0,27.0
Fwd Packet Length Min,0.005054562648972,0.0012934916240966827,48.0,28.0
min_seg_size_forward,0.012464923925539651,0.0012682041919386238,27.0,29.0
Total Fwd Packets,0.018439742028976545,0.0012009406608125557,20.0,30.0
act_data_pkt_fwd,0.015584195925547268,0.0011863003890988072,23.0,31.0
Flow IAT Max,0.012285947580642402,0.0011625156194123448,28.0,32.0
Fwd Packet Length Std,0.006376516653499532,0.0011260186620640888,44.0,33.0
Total Backward Packets,0.011263278924395447,0.0010818322449503573,31.0,34.0
Flow IAT Mean,0.009783677993957716,0.0010723170639378237,33.0,35.0
Fwd Packets/s,0.00782142093645195,0.000992289075690537,36.0,36.0
Subflow Fwd Packets,0.01172386533500084,0.0008898471588198801,29.0,37.0
Flow Duration,0.0038884749049712345,0.0008848547922398164,50.0,38.0
Flow Packets/s,0.008005506683032196,0.0008400153386781748,34.0,39.0
Flow Bytes/s,0.006891521249241356,0.0008312946285907862,42.0,40.0
Min Packet Length,0.00690882867659473,0.0008205477904702091,41.0,41.0
Flow IAT Std,0.007263310391815878,0.000797087301421122,39.0,42.0
Fwd IAT Std,0.00723497733227841,0.0007858952396239026,40.0,43.0
Fwd IAT Min,0.00798026359697777,0.0006395359983098729,35.0,44.0
Idle Max,0.005817656346340765,0.0006277626530718993,46.0,45.0
Idle Min,0.007813678421281094,0.0006235239265582965,37.0,46.0
Bwd IAT Min,0.0029946881568653945,0.0005502450793667844,51.0,47.0
Fwd IAT Mean,0.006533375973395407,0.0005294517412818196,43.0,48.0
Fwd IAT Max,0.00567383777617833,0.0005207354725841951,47.0,49.0
Fwd IAT Total,0.0043737957963269,0.00043951126562152425,49.0,50.0
Idle Mean,0.002345850236181514,0.00041739822672695365,52.0,51.0
Flow IAT Min,0.0059236588367813005,0.00038831999871321443,45.0,52.0
Bwd IAT Std,0.0013287039974739375,0.0003360514123614401,59.0,53.0
FIN Flag Count,0.0010699821034280382,0.0003323564920945525,61.0,54.0
Bwd IAT Mean,0.0021835352760340475,0.00032117033565334904,53.0,55.0
Bwd IAT Total,0.001329532054648555,0.00030780739303700583,58.0,56.0
Bwd IAT Max,0.001411128618079153,0.000272586705672236,57.0,57.0
URG Flag Count,0.002089077114644247,0.0002556904118934047,54.0,58.0
Active Mean,0.002074049709020927,0.00019088849969134243,55.0,59.0
Down/Up Ratio,0.0020505210208254182,0.00017394900034966543,56.0,60.0
Active Min,0.001249329076127417,0.00016752165005683872,60.0,61.0
Active Max,0.0007026922104041101,0.0001581293202994195,62.0,62.0
Fwd PSH Flags,0.00015273703759521339,5.88432468396921e-05,66.0,63.0
SYN Flag Count,0.00039297805400404396,5.226975901021184e-05,64.0,64.0
Idle Std,0.0002952165859079614,4.0277291926763024e-05,65.0,65.0
Active Std,0.0004886200467171532,3.425101184704734e-05,63.0,66.0
Fwd URG Flags,1.4681848224744933e-05,6.644636321075905e-07,67.0,67.0
CWE Flag Count,9.766165302611627e-06,5.646891866071813e-07,68.0,68.0
ECE Flag Count,1.2702584813628947e-07,3.5968954888594116e-08,69.0,69.0
RST Flag Count,9.776209992185416e-08,2.116501547451984e-08,70.0,70.0
