Feature,SHAP_Value,Absolute_SHAP
Packet Length Mean,0.06607212819602565,0.06607212819602565
Average Packet Size,0.062018632706526806,0.062018632706526806
Avg Bwd Segment Size,0.06042851846201245,0.06042851846201245
Subflow Fwd Bytes,0.05111747120577056,0.05111747120577056
Packet Length Variance,0.05046187346578836,0.05046187346578836
min_seg_size_forward,0.046537720109040455,0.046537720109040455
Total Length of Fwd Packets,0.04416584615927829,0.04416584615927829
Bwd Packet Length Min,0.043422928329358554,0.043422928329358554
Fwd Packet Length Mean,0.041021656995149716,0.041021656995149716
Avg Fwd Segment Size,0.04043604940158731,0.04043604940158731
Total Length of Bwd Packets,0.03931147950587911,0.03931147950587911
Fwd Packet Length Max,0.038693652122405206,0.038693652122405206
Subflow Bwd Bytes,0.031384593129014975,0.031384593129014975
Packet Length Std,0.030018194969311542,0.030018194969311542
Bwd Packet Length Mean,0.028197696859945113,0.028197696859945113
Max Packet Length,0.024600723091924598,0.024600723091924598
Init_Win_bytes_forward,0.024390586419308805,0.024390586419308805
Bwd Packet Length Max,0.024063675129470025,0.024063675129470025
ACK Flag Count,0.021618683358385557,0.021618683358385557
PSH Flag Count,0.01896359700837916,0.01896359700837916
Bwd Header Length,0.014673355226473084,0.014673355226473084
Bwd Packets/s,0.014488406889325347,0.014488406889325347
Total Fwd Packets,0.013177172758048306,0.013177172758048306
act_data_pkt_fwd,0.011061460890501848,0.011061460890501848
Fwd Header Length,0.010182722385147624,0.010182722385147624
Fwd Packet Length Min,0.010022043658944801,0.010022043658944801
Flow Bytes/s,0.009698417803156247,0.009698417803156247
Subflow Fwd Packets,0.008172538741288378,0.008172538741288378
Fwd Header Length.1,0.008106980679459462,0.008106980679459462
Subflow Bwd Packets,0.006660214414233601,0.006660214414233601
Bwd IAT Min,0.005740539706381842,0.005740539706381842
Init_Win_bytes_backward,0.005589239800357383,0.005589239800357383
Fwd IAT Min,0.00548843999984873,0.00548843999984873
Flow Packets/s,0.0050476010198355235,0.0050476010198355235
Flow IAT Max,0.0050252248311423945,0.0050252248311423945
Flow IAT Mean,0.004218922861042528,0.004218922861042528
Fwd Packets/s,0.0032244183019649627,0.0032244183019649627
Bwd Packet Length Std,0.002259474159220793,0.002259474159220793
Min Packet Length,0.00219095421499988,0.00219095421499988
Flow Duration,0.001602469020461878,0.001602469020461878
Down/Up Ratio,0.0014144616838443647,0.0014144616838443647
URG Flag Count,0.0013165740823475552,0.0013165740823475552
Fwd IAT Mean,0.0011133415041054116,0.0011133415041054116
Total Backward Packets,0.0010174455005534464,0.0010174455005534464
Bwd IAT Max,0.0009592999061464089,0.0009592999061464089
Flow IAT Std,0.0008737038429583005,0.0008737038429583005
Fwd IAT Max,0.0008101253102791191,0.0008101253102791191
Bwd IAT Mean,0.0007543749758212293,0.0007543749758212293
Flow IAT Min,-0.0006054672066575954,0.0006054672066575954
Fwd IAT Total,0.0005487831456873647,0.0005487831456873647
Idle Min,0.0005219516339855294,0.0005219516339855294
Fwd Packet Length Std,0.0005209721368112325,0.0005209721368112325
Bwd IAT Total,0.00034303043658850236,0.00034303043658850236
Idle Max,0.0003271820466479792,0.0003271820466479792
Bwd IAT Std,0.00026421720664123724,0.00026421720664123724
Fwd IAT Std,-0.00022840325096948173,0.00022840325096948173
Destination Port,0.00012588878825174626,0.00012588878825174626
Active Mean,5.699838854042358e-05,5.699838854042358e-05
FIN Flag Count,3.7772171931251087e-05,3.7772171931251087e-05
SYN Flag Count,2.9612277040071934e-05,2.9612277040071934e-05
Idle Mean,2.6379128758566698e-05,2.6379128758566698e-05
Active Max,-9.909415608364031e-06,9.909415608364031e-06
Active Min,6.207165811578453e-06,6.207165811578453e-06
Fwd PSH Flags,3.8508992063888895e-06,3.8508992063888895e-06
Idle Std,1.102586520200866e-06,1.102586520200866e-06
Active Std,6.493092360876241e-07,6.493092360876241e-07
CWE Flag Count,6.297568405181652e-07,6.297568405181652e-07
Fwd URG Flags,4.0215684960094764e-07,4.0215684960094764e-07
ECE Flag Count,0.0,0.0
RST Flag Count,0.0,0.0
