Feature,Importance
Bwd Packet Length Std,0.05264924068448971
Packet Length Variance,0.05033804764314728
Bwd Packet Length Mean,0.04819484172033814
Average Packet Size,0.04730039053506118
Avg Bwd Segment Size,0.04466421874883339
Destination Port,0.04430363556737664
Total Length of Fwd Packets,0.03880510669890032
Subflow Fwd Bytes,0.038118469395639606
Packet Length Mean,0.037595438851845596
Subflow Bwd Bytes,0.03403759176498025
Total Length of Bwd Packets,0.0331685440079794
Max Packet Length,0.03240800206804862
Bwd Packet Length Max,0.030135039517632873
Init_Win_bytes_forward,0.02930552147497245
Avg Fwd Segment Size,0.027927339922305717
Fwd Packet Length Max,0.02647577916991398
Packet Length Std,0.02163080210901234
Fwd Header Length.1,0.02065494764261944
Fwd Packet Length Mean,0.019973493620253906
Total Fwd Packets,0.018439742028976545
Bwd Header Length,0.01640339597868916
Init_Win_bytes_backward,0.016052966648639186
act_data_pkt_fwd,0.015584195925547268
Bwd Packet Length Min,0.014927795301396258
Fwd Header Length,0.014701788534508502
Bwd Packets/s,0.014075802664372026
min_seg_size_forward,0.012464923925539651
Flow IAT Max,0.012285947580642402
Subflow Fwd Packets,0.01172386533500084
Subflow Bwd Packets,0.011360699417059146
Total Backward Packets,0.011263278924395447
ACK Flag Count,0.00981388316405864
Flow IAT Mean,0.009783677993957716
Flow Packets/s,0.008005506683032196
Fwd IAT Min,0.00798026359697777
Fwd Packets/s,0.00782142093645195
Idle Min,0.007813678421281094
PSH Flag Count,0.007686885110295047
Flow IAT Std,0.007263310391815878
Fwd IAT Std,0.00723497733227841
Min Packet Length,0.00690882867659473
Flow Bytes/s,0.006891521249241356
Fwd IAT Mean,0.006533375973395407
Fwd Packet Length Std,0.006376516653499532
Flow IAT Min,0.0059236588367813005
Idle Max,0.005817656346340765
Fwd IAT Max,0.00567383777617833
Fwd Packet Length Min,0.005054562648972
Fwd IAT Total,0.0043737957963269
Flow Duration,0.0038884749049712345
Bwd IAT Min,0.0029946881568653945
Idle Mean,0.002345850236181514
Bwd IAT Mean,0.0021835352760340475
URG Flag Count,0.002089077114644247
Active Mean,0.002074049709020927
Down/Up Ratio,0.0020505210208254182
Bwd IAT Max,0.001411128618079153
Bwd IAT Total,0.001329532054648555
Bwd IAT Std,0.0013287039974739375
Active Min,0.001249329076127417
FIN Flag Count,0.0010699821034280382
Active Max,0.0007026922104041101
Active Std,0.0004886200467171532
SYN Flag Count,0.00039297805400404396
Idle Std,0.0002952165859079614
Fwd PSH Flags,0.00015273703759521339
Fwd URG Flags,1.4681848224744933e-05
CWE Flag Count,9.766165302611627e-06
ECE Flag Count,1.2702584813628947e-07
RST Flag Count,9.776209992185416e-08
