Feature,Mean_Absolute_SHAP
Destination Port,0.005856570506230317
Bwd Packet Length Std,0.005254645266942052
Packet Length Mean,0.0052489319745322475
Average Packet Size,0.005136236800958531
Total Length of Bwd Packets,0.004929810723521582
Bwd Packet Length Mean,0.0044043191141829
Packet Length Variance,0.00379798753159013
Max Packet Length,0.0037525603062294266
Avg Bwd Segment Size,0.0035935322540096696
Total Length of Fwd Packets,0.0033290481277425655
Subflow Bwd Bytes,0.0031193679273195
Subflow Fwd Bytes,0.0030107193294792492
Init_Win_bytes_forward,0.0029341716659146344
Avg Fwd Segment Size,0.0028679123385853514
Fwd Packet Length Max,0.0028515494123825982
Bwd Packet Length Max,0.0025333838711775955
Fwd Packet Length Mean,0.0024264669327005526
Init_Win_bytes_backward,0.0021920824572573875
Packet Length Std,0.0018728980973947245
PSH Flag Count,0.0017544417948529734
Fwd Header Length.1,0.0016482904617369201
Bwd Header Length,0.0015400249921113057
Subflow Bwd Packets,0.001439692915265188
ACK Flag Count,0.0014313498012733833
Fwd Header Length,0.0014010496786219181
Bwd Packets/s,0.0013644622686508265
Bwd Packet Length Min,0.0013291998788762332
Fwd Packet Length Min,0.0012934916240966827
min_seg_size_forward,0.0012682041919386238
Total Fwd Packets,0.0012009406608125557
act_data_pkt_fwd,0.0011863003890988072
Flow IAT Max,0.0011625156194123448
Fwd Packet Length Std,0.0011260186620640888
Total Backward Packets,0.0010818322449503573
Flow IAT Mean,0.0010723170639378237
Fwd Packets/s,0.000992289075690537
Subflow Fwd Packets,0.0008898471588198801
Flow Duration,0.0008848547922398164
Flow Packets/s,0.0008400153386781748
Flow Bytes/s,0.0008312946285907862
Min Packet Length,0.0008205477904702091
Flow IAT Std,0.000797087301421122
Fwd IAT Std,0.0007858952396239026
Fwd IAT Min,0.0006395359983098729
Idle Max,0.0006277626530718993
Idle Min,0.0006235239265582965
Bwd IAT Min,0.0005502450793667844
Fwd IAT Mean,0.0005294517412818196
Fwd IAT Max,0.0005207354725841951
Fwd IAT Total,0.00043951126562152425
Idle Mean,0.00041739822672695365
Flow IAT Min,0.00038831999871321443
Bwd IAT Std,0.0003360514123614401
FIN Flag Count,0.0003323564920945525
Bwd IAT Mean,0.00032117033565334904
Bwd IAT Total,0.00030780739303700583
Bwd IAT Max,0.000272586705672236
URG Flag Count,0.0002556904118934047
Active Mean,0.00019088849969134243
Down/Up Ratio,0.00017394900034966543
Active Min,0.00016752165005683872
Active Max,0.0001581293202994195
Fwd PSH Flags,5.88432468396921e-05
SYN Flag Count,5.226975901021184e-05
Idle Std,4.0277291926763024e-05
Active Std,3.425101184704734e-05
Fwd URG Flags,6.644636321075905e-07
CWE Flag Count,5.646891866071813e-07
ECE Flag Count,3.5968954888594116e-08
RST Flag Count,2.116501547451984e-08
